Title,Topic Tags,Program tags,Theme tags,Content type tags,Full Path,predicted_cluster
Election 2020: The Senate is definitely in play,Legislative and regulatory;Washington update;Plan governance,Election 2020,Elections,Insight,https://www.invesco.com/us/en/insights/election-2020-the-senate-is-definitely-in-play.html,2
Tactical asset allocation outlook: November 2020,Multi Asset;Asset allocation;Markets and Economy,Solutions,Investment solutions,Insight,https://www.invesco.com/us/en/insights/tactical-asset-allocation-outlook-november-2020.html,8
2021 Investment Outlook: Implications for world GDP,Market outlook,,Macroeconomics & outlook,Insight,https://www.invesco.com/us/en/insights/2021-outlook-implications-for-world-gdp.html,2
Shifting DC Times: Helping women close the retirement gap,Participant engagement;Defined contribution,Shifting DC Times,,Insight,https://www.invesco.com/us/en/insights/shifting-dc-times-closing-the-retirement-savings-gap.html,42
Shifting DC Times: Fiduciary fails to avoid,Plan governance;Defined contribution,Shifting DC Times,,Insight,https://www.invesco.com/us/en/insights/shifting-dc-times-five-fiduciary-fails.html,71
Shifting DC Times: Crushing student loan debt,Plan design;Defined contribution,Shifting DC Times,,Insight,https://www.invesco.com/us/en/insights/shifting-dc-times-plan-design-helping-employees-crush-student-debt.html,107
"A liquidity event, not a credit event — yet",Money market and liquidity;Fixed Income,,,Insight,https://www.invesco.com/us/en/insights/liquidity-event-not-a-credit-event-yet.html,2
Chinese onshore bonds: Policy and market structure,Markets and Economy,,,Insight,https://www.invesco.com/us/en/insights/chinese-onshore-bonds-understanding-policy-signals-and-market-structure.html,2
Shifting DC Times: Using HSAs to enhance retirement savings,Participant engagement;Defined contribution,Shifting DC Times,,Insight,https://www.invesco.com/us/en/insights/shifting-dc-times-hsas-a-healthy-investment.html,32
Shifting DC Times: Segmented marketing for better engagement,Plan Sponsor Exchange;Defined contribution,Shifting DC Times,,Insight,https://www.invesco.com/us/en/insights/shifting-dc-times-plan-sponsor-exchange-survey-says-segmentation.html,148
Q3 2020 global debt outlook,Fixed Income,Rapid Response,Coronavirus,Insight,https://www.invesco.com/us/en/insights/global-debt-outlook-Q3-2020.html,22
Mitigating volatility through real asset investing,Real Estate;Defined benefit;Alternatives,,Diversifying income;Managing volatility;Targeting growth,Insight,https://www.invesco.com/us/en/insights/mitigating-volatility-through-real-asset-investing.html,19
Emerging markets are driving growth despite COVID-19,Emerging market equity;Equities;Defined benefit,,Targeting growth,Insight,https://www.invesco.com/us/en/insights/emerging-markets-driving-growth-despite-covid-19.html,83
Health savings accounts: A win-win for retirement,Participant engagement,,Research,Insight,https://www.invesco.com/us/en/insights/hsas-a-win-win-for-retirement.html,32
Our guide to watching the presidential debates,Markets and Economy,,Macroeconomics & outlook,Insight,https://www.invesco.com/us/en/insights/our-guide-to-watching-the-presidential-debates.html,2
What just happened? A recap of the 2020 election,Washington update;Plan governance,Election 2020,Elections,Insight,https://www.invesco.com/us/en/insights/what-just-happened-a-recap-of-the-2020-election.html,2
The fifth quarter of 2020,Markets and Economy,,Macroeconomics & outlook,Insight,https://www.invesco.com/us/en/insights/fifth-quarter-of-2020.html,88
"Robots can take over when work is too dangerous, dirty, dull, or dear",Equities,Imagine the Possibilities,,Insight,https://www.invesco.com/us/en/insights/imagine-the-possibilities-robots-can-take-over-when-work-too-dangerous-dirty-dull-dear.html,2
Five reasons to consider investing in health care,ETF,,,Insight,https://www.invesco.com/us/en/insights/five-reasons-to-consider-investing-in-health-care.html,2
What if we don’t know the election results for a while?,Markets and Economy,,Macroeconomics & outlook,Insight,https://www.invesco.com/us/en/insights/election-2020-what-happens-if-we-dont-know-the-results-for-a-while.html,2
“Showtime” program overview,New Business Development,,Your practice,Insight,https://www.invesco.com/us/en/insights/showtime.html,28
"""Breaking the social dance"" program overview",New Business Development,,Your practice,Insight,https://www.invesco.com/us/en/insights/breaking-the-social-dance.html,112
Semiannual developmental meeting,Practice Management,,Your practice,Insight,https://www.invesco.com/us/en/insights/semiannual-developmental-meeting.html,2
Niche market strategy: Finding centers of influence,New Business Development,,Your practice,Insight,https://www.invesco.com/us/en/insights/niche-market-strategy-finding-centers-of-influence.html,2
The pivotal role of emotions during uncertain times,Client Service,Roadmap to Recovery,Your practice,Insight,https://www.invesco.com/us/en/insights/the-pivotal-role-of-emotions-during-uncertain-times.html,2
The revolution in how we pay for things continues,Equities,Imagine the Possibilities,,Insight,https://www.invesco.com/us/en/insights/imagine-the-possibilities-revolution-in-how-we-pay-for-things-continues.html,100
ESG in fixed income: From niche to mainstream,Fixed Income,,,Insight,https://www.invesco.com/us/en/insights/esg-in-fixed-income-from-niche-to-mainstream.html,110
Companies turn to convertibles for much-needed cash,Fixed Income,,,Insight,https://www.invesco.com/us/en/insights/companies-turn-to-convertibles-for-much-needed-cash.html,5
Tactical complement: Aligning roles and responsibilities,Practice Management,,Your practice,Insight,https://www.invesco.com/us/en/insights/tactical-complement-aligning-roles-and-responsibilities.html,86
"""Compelling conversations"" program overview",New Business Development,,Your practice,Insight,https://www.invesco.com/us/en/insights/compelling-conversations.html,2
Spending patterns adjust to the new normal,Fixed Income,Imagine the Possibilities,,Insight,https://www.invesco.com/us/en/insights/imagine-the-possibilities-consumers-and-covid-spending-patterns-adjust-to-new-normal.html,2
US municipal bond market recap and outlook: Q2 2020,Municipals,Municipal Bond Accelerator,Market behavior   commentary,Insight,https://www.invesco.com/us/en/insights/us-municipal-bond-market-recap-and-outlook-q2-2020.html,40
Having fun becomes a virtual experience,Markets and Economy,Imagine the Possibilities,,Insight,https://www.invesco.com/us/en/insights/imagine-the-possibilities-having-fun-becomes-virtual-experience.html,2
Investing in retail companies,Markets and Economy,Imagine the Possibilities,,Insight,https://www.invesco.com/us/en/insights/imagine-the-possibilities-investing-in-retail-companies.html,2
How might store closures impact US malls?,Markets and Economy,Imagine the Possibilities,,Insight,https://www.invesco.com/us/en/insights/imagine-the-possibilities-how-might-store-closures-impact-us-malls.html,2
"In troubling times, shine the spotlight on quality ETFs",ETF,,,Insight,https://www.invesco.com/us/en/insights/spotlight-on-quality-etfs.html,2
“Crafting a high-performance practice” program overview,Client Service,,Your practice,Insight,https://www.invesco.com/us/en/insights/crafting-a-high-performance-program.html,2
Investment grade fixed income ETFs,ETF,,,Insight,https://www.invesco.com/us/en/insights/investment-grade-fixed-income-etf.html,2
Navigating volatility,Investing Basics,,Your clients,Insight,https://www.invesco.com/us/en/insights/navigating-volatility.html,36
Navigating volatility,Investing Basics,,Your clients,Insight,https://www.invesco.com/us/en/insights/navigating-volatility-investors.html,36
Four steps to elevate client engagement,Client Service,,Your practice,Insight,https://www.invesco.com/us/en/insights/four-steps-to-elevate-client-engagement.html,48
Helping investors in their search for income,Fixed Income,,Diversifying income,Insight,https://www.invesco.com/us/en/insights/helping-investors-in-their-search-for-income.html,2
How do you do it?,New Business Development,,Your practice,Insight,https://www.invesco.com/us/en/insights/how-do-you-do-it.html,92
An ideal client strategy for financial professionals,New Business Development,,Your practice,Insight,https://www.invesco.com/us/en/insights/ideal-client-strategy.html,99
Building a foundation for successful teams,Practice Management,,Your practice,Insight,https://www.invesco.com/us/en/insights/building-a-foundation-for-successful-teams.html,2
Why are you on a team?,New Business Development,,Your practice,Insight,https://www.invesco.com/us/en/insights/why-are-you-on-a-team.html,87
Daily huddle meeting,Practice Management,,Your practice,Insight,https://www.invesco.com/us/en/insights/daily-huddle-meeting.html,2
“The income-ing age” program overview,Client Service,,Your practice,Insight,https://www.invesco.com/us/en/insights/the-income-ing-age.html,118
The pressure is growing for the US economy,Markets and Economy,,,Insight,https://www.invesco.com/us/en/insights/market-compass-pressure-is-growing-for-us-economy1.html,91
Three Ways Your Trip to the Mall Might Change,Markets and Economy,Imagine the Possibilities,,Insight,https://www.invesco.com/us/en/insights/imagine-the-possibilities-three-ways-your-trip-to-the-mall-might-change.html,2
Getting acquainted with a prospective business partner,Practice Management,,Your practice,Insight,https://www.invesco.com/us/en/insights/getting-acquainted.html,2
“Transformational leadership” program overview,Practice Management,,Your practice,Insight,https://www.invesco.com/us/en/insights/transformational-leadership.html,145
"""Your prosperity picture"" program overview",Client Service,,Your practice,Insight,https://www.invesco.com/us/en/insights/your-prosperity-picture.html,81
Hypothesis for a bull market in emerging markets equities,Equities,,,Insight,https://www.invesco.com/us/en/insights/our-hypothesis-for-a-bull-market-in-emerging-markets-equities.html,2
“Boardroom presenting” program overview,New Business Development,,Your practice,Insight,https://www.invesco.com/us/en/insights/boardroom-presenting.html,51
“The golden hour” program overview,Client Service,,Your practice,Insight,https://www.invesco.com/us/en/insights/the-golden-hour.html,115
Weekly strategy meetings,Practice Management,,Your practice,Insight,https://www.invesco.com/us/en/insights/weekly-strategy-meetings.html,2
Taking the fear out of fees,Client Service,,Your practice,Insight,https://www.invesco.com/us/en/insights/taking-the-fear-out-of-fees.html,48
Your value proposition: What do you do?,New Business Development,,Your practice,Insight,https://www.invesco.com/us/en/insights/what-do-you-do.html,43
Macro four-room business analysis,Invesco Global Consulting,,Your practice,Insight,https://www.invesco.com/us/en/insights/macro-four-room-business-analysis.html,2
Two great risks to any compensation model,Practice Management,,Your practice,Insight,https://www.invesco.com/us/en/insights/two-great-risks-to-any-compensation-model.html,41
Create capacity on your team,Practice Management,,Your practice,Insight,https://www.invesco.com/us/en/insights/create-capacity-on-your-team.html,35
“M.A.I.N. Street: The language of risk” program overview,Wealth Management,,Your practice,Insight,https://www.invesco.com/us/en/insights/main-street-the-language-of-risk.html,95
“Advocasions” program overview,New Business Development,,Your practice,Insight,https://www.invesco.com/us/en/insights/advocasions.html,2
“Preferrals” program overview,New Business Development,,Your practice,Insight,https://www.invesco.com/us/en/insights/preferrals.html,2
“Boardroom personalities” program overview,New Business Development,,Your practice,Insight,https://www.invesco.com/us/en/insights/boardroom-personalities.html,50
“Fi.natical curiosity” program overview,Wealth Management,,Your practice,Insight,https://www.invesco.com/us/en/insights/fi-natical-curiosity.html,2
“When should I form a team?” program overview,Practice Management,,Your practice,Insight,https://www.invesco.com/us/en/insights/when-should-i-form-a-team.html,2
How the best financial professionals communicate during turbulent times,Client Service,Roadmap to Recovery,Your practice,Insight,https://www.invesco.com/us/en/insights/how-the-best-financial-professionals-communicate-during-turbulent-times.html,2
Constructing and managing a synergistic team,Practice Management,,Your practice,Insight,https://www.invesco.com/us/en/insights/constructing-and-managing-a-synergistic-team.html,113
Philosophical and structural underpinnings of compensation,Practice Management,,Your practice,Insight,https://www.invesco.com/us/en/insights/philosophical-and-structural-underpinnings-of-team-compensation.html,2
"Economic headwinds pressure the US, UK, and Europe",Markets and Economy,ETF Accelerator,Macroeconomics & outlook,Insight,https://www.invesco.com/us/en/insights/economic-headwinds-pressure-the-us-uk-europe.html,78
What could a unified government mean for markets?,Markets and Economy,,Macroeconomics & outlook,Insight,https://www.invesco.com/us/en/insights/all-eyes-on-georgia-what-could-a-unified-government-mean-for-markets.html,74
Reimagining retail,Markets and Economy,Imagine the Possibilities,,Insight,https://www.invesco.com/us/en/insights/imagine-the-possibilities-reimagining-retail.html,137
Have the biggest mega-caps run too far?,Equities,,,Insight,https://www.invesco.com/us/en/insights/have-the-biggest-mega-caps-run-too-far.html,26
Petroleum products improve lives in unappreciated ways,Alternatives,,,Insight,https://www.invesco.com/us/en/insights/unpopular-but-essential-petroleum-products-improve-lives-in-unappreciated-ways.html,2
Are we in a stock market bubble?,Markets and Economy,,Macroeconomics & outlook,Insight,https://www.invesco.com/us/en/insights/are-we-in-a-stock-market-bubble.html,66
2020 presidential election: The counting continues,Markets and Economy,,Elections,Insight,https://www.invesco.com/us/en/insights/counting-continues-trump-biden-pursue-path-victory.html,2
Election 2020: Biden looks poised to win,Markets and Economy;Legislative and regulatory,Election 2020,Elections,Insight,https://www.invesco.com/us/en/insights/election-2020-biden-looks-poised-to-win.html,2
Fears of unrest rise on the eve of Election Day,Markets and Economy,Election 2020,Macroeconomics & outlook;Elections,Insight,https://www.invesco.com/us/en/insights/fears-of-unrest-rise-on-the-eve-of-election-day.html,49
REITs and MLPs: Relative beneficiaries of rising tax rates,Alternatives,,,Insight,https://www.invesco.com/us/en/insights/reits-mlps-relative-beneficiaries-rising-tax-rates.html,2
SteelPath February MLP updates and news,Alternatives,,,Insight,https://www.invesco.com/us/en/insights/february-steelpath-mlp-updates-and-news.html,6
Oppenheimer International Growth Fund: Learning from 2020,International and global equities,,Targeting growth,Insight,https://www.invesco.com/us/en/insights/oppenheimer-international-growth-fund-what-we-learned-from-last-year.html,2
China is embarking on a new stage of growth,Emerging market equity,,,Insight,https://www.invesco.com/us/en/insights/china-is-embarking-on-new-stage-of-growth.html,97
Q1 2021 multi-sector asset allocation outlook ,Fixed Income;Multi sector,,,Insight,https://www.invesco.com/us/en/insights/fixed-income-multi-sector-asset-allocation-outlook-q1-2021.html,89
Five things to watch in October,Markets and Economy,,,Insight,https://www.invesco.com/us/en/insights/five-things-watch-october.html,2
Will tax hikes kill the bull market?,Markets and Economy,,Market behavior   commentary;Macroeconomics & outlook,Insight,https://www.invesco.com/us/en/insights/will-tax-hikes-kill-the-bull-market.html,103
Fed downplays inflation while GameStop captures attention,Markets and Economy,,Macroeconomics & outlook,Insight,https://www.invesco.com/us/en/insights/fed-downplays-inflation-gamestop-captures-worlds-attention.html,2
Stocks march upward during a tumultuous week in US history,Markets and Economy,,Macroeconomics & outlook,Insight,https://www.invesco.com/us/en/insights/stocks-march-upward-during-tumultuous-week-in-us-history.html,124
"As COVID cases rise, the world looks toward a vaccine",Markets and Economy,,Macroeconomics & outlook,Insight,https://www.invesco.com/us/en/insights/as-covid-cases-rise-world-looks-toward-vaccine.html,121
What investors should watch as 2020 comes to an end,Markets and Economy,,Macroeconomics & outlook,Insight,https://www.invesco.com/us/en/insights/what-investors-should-watch-as-2020-comes-to-end.html,2
"Bitcoin: Digital currency, digital gold, or digital tulip?",Markets and Economy,,Macroeconomics & outlook,Insight,https://www.invesco.com/us/en/insights/bitcoin-digital-currency-digital-gold-digital-tulip.html,85
Invesco Global Opportunities Fund: 25 years of success,Equities;International and global equities,,Targeting growth,Insight,https://www.invesco.com/us/en/insights/Invesco-global-opportunities-fund-25-years-of-success.html,2
Five truths to remember about politics and investing,Markets and Economy,,,Insight,https://www.invesco.com/us/en/insights/election-2020-five-truths-remember-about-politics-investing.html,2
Vaccines pave way for ‘normal life’ to re-emerge in Israel,Markets and Economy,,Macroeconomics & outlook,Insight,https://www.invesco.com/us/en/insights/vaccines-pave-way-normal-life-re-emerge-israel.html,2
Are the stars aligning for major infrastructure spending ,Alternatives,,,Insight,https://www.invesco.com/us/en/insights/are-stars-aligning-major-infrastructure-spending-plan.html,2
Washington Commentary: Biden's four tools,Legislative and regulatory;Plan governance;Washington update,,Government regulation & legislation,Insight,https://www.invesco.com/us/en/insights/washington-commentary-executive-actions-are-a-bit-more-complicated.html,2
Stocks struggle through a volatile week,Markets and Economy,,Macroeconomics & outlook,Insight,https://www.invesco.com/us/en/insights/stocks-struggle-volatile-week.html,2
Markets gain increased certainty on key issues,Markets and Economy,,Macroeconomics & outlook,Insight,https://www.invesco.com/us/en/insights/markets-gain-increased-certainty-on-key-issues.html,1
SteelPath March MLP updates and news,Alternatives,,,Insight,https://www.invesco.com/us/en/insights/march-steelpath-mlp-updates-and-news.html,6
The case for economic optimism,Markets and Economy,,,Insight,https://www.invesco.com/us/en/insights/case-economic-optimism.html,96
Inflation dynamics in the post-COVID-19 economy ,Markets and Economy,,,Insight,https://www.invesco.com/us/en/insights/inflation-dynamics-in-the-post-COVID-19-economy.html,70
"Targeting leisure, entertainment in the re-opening economy",ETF;Factor Investing,,,Insight,https://www.invesco.com/us/en/insights/targeting-leisure-entertainment-in-re-opening-economy.html,2
A harbinger of what’s to come?,Markets and Economy,,Macroeconomics & outlook,Insight,https://www.invesco.com/us/en/insights/Harbinger-whats-to-come.html,2
The longevity economy and disruptive demographics,Markets and Economy,,,Insight,https://www.invesco.com/us/en/insights/longevity-economy-disruptive-demographics.html,2
Buy high. Sell higher.,Markets and Economy,,,Insight,https://www.invesco.com/us/en/insights/buy-high-sell-higher.html,147
Dick Vitale’s lessons in leadership,Constructing managing teams;Resources,,,Insight,https://www.invesco.com/us/en/insights/dick-vitale-lessons-leadership.html,2
Why investors both love and fear the Fed,Markets and Economy,,Macroeconomics & outlook,Insight,https://www.invesco.com/us/en/insights/why-investors-both-love-fear-fed.html,2
The Year of the Ox and 2021’s global economy,Markets and Economy,,Macroeconomics & outlook,Insight,https://www.invesco.com/us/en/insights/could-year-of-ox-be-metaphor-for-2021-global-economy.html,61
Global Real Estate ESG+R Report 2020,Real Estate;ESG,,,Insight,https://www.invesco.com/us/en/insights/global-real-estate-and-esgr.html,2
The age of non-polarity and doing business in a global world,Markets and Economy,,,Insight,https://www.invesco.com/us/en/insights/age-of-non-polarity-doing-business-in-a-global-world.html,2
"The grand re-opening, the Fed, and bonds",Fixed Income,,,Insight,https://www.invesco.com/us/en/insights/grand-reopening-fed-bonds.html,2
Sustainability bonds: Adding more than color to the investor palette,Fixed Income,,,Insight,https://www.invesco.com/us/en/insights/sustainability-bonds.html,2
Israel’s economic data starts to show the impact of vaccines,Markets and Economy,,,Insight,https://www.invesco.com/us/en/insights/israel-economic-data-starts-show-impact-vaccines.html,64
2020 Annual Investment Stewardship Report ,ESG,,,Insight,https://www.invesco.com/us/en/insights/2020-investment-stewardship-report.html,53
Bond market steadies after a week of Fed-induced volatility ,Fixed Income,,,Insight,https://www.invesco.com/us/en/insights/bond-market-steadies-after-week-of-fed-induced-volatility.html,39
US treasury rate rise marked by economic optimism,Fixed Income,,,Insight,https://www.invesco.com/us/en/insights/us-treasury-rate-rise-marked-by-economic-optimism.html,39
Munis begin 2021 on a positive note ,Fixed Income,,,Insight,https://www.invesco.com/us/en/insights/munis-begin-2021-on-positive-note.html,2
Municipal market cheers additional stimulus,Fixed Income,,,Insight,https://www.invesco.com/us/en/insights/municipal-market-cheers-additional-stimulus.html,2
Negative returns are ultimately good for fixed income investors,Fixed Income,,,Insight,https://www.invesco.com/us/en/insights/why-negative-returns-are-ultimately-good-fixed-income-investors.html,39
2020 fixed income review: A year like no other,Fixed Income,,,Insight,https://www.invesco.com/us/en/insights/2020-fixed-income-review-year-like-no-other.html,2
Low yields and future returns: What we expect,Fixed Income,,,Insight,https://www.invesco.com/us/en/insights/low-yields-future-returns-what-we-expect.html,2
The Federal Reserve’s inflation shift ,Fixed Income,,,Insight,https://www.invesco.com/us/en/insights/federal-reserves-inflation-shift.html,2
Q2 2020 corporate earnings season: Could be worse,Fixed Income,,,Insight,https://www.invesco.com/us/en/insights/q2-2020-corporate-earnings-season-could-be-worse.html,77
"Economic outlook improves, but the shadow of COVID lingers",Markets and Economy,,,Insight,https://www.invesco.com/us/en/insights/economic-outlook-improves-shadow-covid-lingers.html,2
“RainMaker” program overview,New Business Development,,Your practice,Insight,https://www.invesco.com/us/en/insights/rainmaker.html,2
Shifting DC Times: The fundamentals of stable value,Investment menu design;Defined contribution,Shifting DC Times,,Insight,https://www.invesco.com/us/en/insights/shifting-dc-times-the-fundamentals-of-stable-value.html,59
What to ask before investing in bitcoin,Markets and Economy,,,Insight,https://www.invesco.com/us/en/insights/curious-about-crypto-what-ask-before-investing-bitcoin.html,85
Tactical asset allocation update: November 2020 ,Multi Asset,,,Insight,https://www.invesco.com/us/en/insights/tactical-asset-allocation-november-2020.html,8
The long game: 25 years in global markets,Equities,,,Insight,https://www.invesco.com/us/en/insights/long-game-25-years-in-global-markets.html,146
Markets contend with a week of surprises,Markets and Economy,,,Insight,https://www.invesco.com/us/en/insights/markets-contend-week-surprises.html,2
Value investing takes the spotlight,Equities,,,Insight,https://www.invesco.com/us/en/insights/value-investing-takes-spotlight.html,37
Why this emerging markets equity fund is among the largest global investors in European luxury goods,Equities,,,Insight,https://www.invesco.com/us/en/insights/why-this-emerging-markets-equity-fund-is-among-the-largest-globa.html,108
DC language study: Benefits of staying in-plan,Participant engagement;Defined contribution,,,Insight,https://www.invesco.com/us/en/insights/defined-contribution-2018-language-research-study-benefits-of-staying-in-plan.html,7
2018 defined contribution language study,Participant engagement;Participant research,,Research,Insight,https://www.invesco.com/us/en/insights/defined-contribution-2018-language-study.html,7
DC language study: Clear descriptions of target date funds,Participant engagement;Defined contribution,,,Insight,https://www.invesco.com/us/en/insights/defined-contribution-2018-language-research-study-clear-descriptions-of-target-date-funds-could-reduce-misuse.html,7
Defined contribution 2018 language study: Employer match,Participant engagement;Defined contribution,,,Insight,https://www.invesco.com/us/en/insights/defined-contribution-2018-language-research-study-employer-match.html,7
The ‘MEH’ stock market,Markets and Economy,,,Insight,https://www.invesco.com/us/en/insights/meh-stock-market.html,60
Better food: An investment trend worth consuming,Equities,,,Insight,https://www.invesco.com/us/en/insights/better-food--an-investment-trend-worth-consuming.html,25
April’s terrible jobs report doesn’t derail my 2021 optimism,Markets and Economy,,,Insight,https://www.invesco.com/us/en/insights/april-s-terrible-jobs-report-doesn-t-derail-my-2021-optimism.html,34
Washington Commentary: Assessing an infrastructure package,Legislative and regulatory;Currency market,,,Insight,https://www.invesco.com/us/en/insights/washington-commentary-infrastructure-policy-reality-or-political-unicorn-investors.html,2
"""What matters most right now"" program overview",Invesco Global Consulting,Roadmap to Recovery,Your practice,Insight,https://www.invesco.com/us/en/insights/what-matters-most-right-now.html,30
Chinese tech: Why regulation could fuel innovation,Equities;Emerging market equity,,,Insight,https://www.invesco.com/us/en/insights/chinese-tech--why-regulation-could-fuel-innovation.html,2
"""Energy management for high performance"" program overview",Client Service;Practice Management,Roadmap to Recovery,Your practice,Insight,https://www.invesco.com/us/en/insights/what-matters-most-right-now-energy-management-for-high-performance.html,2
"""The resilient advisor"" program overview",Client Service,Roadmap to Recovery,Your practice,Insight,https://www.invesco.com/us/en/insights/what-matters-most-right-now-the-resilient-advisor.html,30
Fed Actions May Benefit Investment Grade Bond ETFs,ETF,,,Insight,https://www.invesco.com/us/en/insights/fed-action-may-benefit-investment-grade-bond-etfs.html,20
What are you missing when you buy the S&P 500?,ETF,,Factor investing,Insight,https://www.invesco.com/us/en/insights/what-are-you-missing-when-you-buy-sp-500.html,2
A New Norm for ETF Investors?,ETF,,,Insight,https://www.invesco.com/us/en/insights/a-new-norm-for-etf-investors.html,20
Q1 2021 fixed income review: Rates adjust to the new economic reality,Fixed Income,,,Insight,https://www.invesco.com/us/en/insights/q1-2021-fixed-income-review-rates-adjust-to-the-new-economic-reality.html,39
Better food: An investment trend worth consuming,Markets and Economy,,,Insight,https://www.invesco.com/us/en/insights/better-food-an-investment-trend-worth-consuming.html,25
Finding stability with multi-asset strategies,Asset allocation;Defined benefit,,Managing volatility,Insight,https://www.invesco.com/us/en/insights/finding-stability-with-multi-asset-strategies.html,123
Tech stocks’ struggles may lead to buying opportunities,Markets and Economy,,,Insight,https://www.invesco.com/us/en/insights/Tech-stocks-struggles-may-lead-to-buying-opportunities.html,2
What is 529 Day? Celebrate education savings with Invesco,College Savings;Investing Basics,,College savings,Insight,https://www.invesco.com/us/en/insights/what-is-529-day--celebrate-education-savings-with-invesco.html,3
How could high yield help in a rising rate environment?,Fixed Income,,,Insight,https://www.invesco.com/us/en/insights/how-could-high-yield-help-in-a-rising-rate-environment.html,101
Global markets: What to watch in June,Markets and Economy,,,Insight,https://www.invesco.com/us/en/insights/global-markets--what-to-watch-in-june.html,2
Invesco Managed Accounts May 2021 fixed income market update,Fixed Income,,,Insight,https://www.invesco.com/us/en/insights/invesco-managed-accounts-may-2021-fixed-income-market-update.html,15
The case for convertibles in a rising rate environment,Fixed Income,,,Insight,https://www.invesco.com/us/en/insights/the-case-for-convertibles-in-a-rising-rate-environment.html,5
Newest jobs report reinforces my view that inflation won’t stick,Markets and Economy,,,Insight,https://www.invesco.com/us/en/insights/newest-jobs-report-reinforces-my-view-that-inflation-won-t-stick.html,2
Key reports illustrate the economic recovery in the US and Europe,Markets and Economy,,,Insight,https://www.invesco.com/us/en/insights/key-reports-illustrate-economic-recovery-in-us-europe.html,34
Tactical asset allocation: June 2021,Multi Asset,,,Insight,https://www.invesco.com/us/en/insights/tactical-asset-allocation-june-2021.html,57
2021 long-term capital market assumptions,Multi Asset;Defined benefit;Alternatives;Equities;Fixed Income,Solutions,Solutions,Insight,https://www.invesco.com/us/en/insights/2021-long-term-capital-market-assumptions-outlook-and-methodology-advisor.html,2
SteelPath June MLP updates and news,Alternatives,,,Insight,https://www.invesco.com/us/en/insights/steelpath-june-mlp-updates-and-news.html,6
Index Investing Beyond Perceived Limitations,Insights,,,Insight,https://www.invesco.com/us/en/insights/index-investing-beyond-perceived-limitations.html,2
10 reasons why we’re bullish on equities,Markets and Economy,,,Insight,https://www.invesco.com/us/en/insights/10-reasons-why-we-are-bullish-on-equities.html,126
“T.E.A.M. dynamics” program overview,Practice Management,,Your practice,Insight,https://www.invesco.com/us/en/insights/team-dynamics.html,50
“The living zoom” program overview,Client Service,,Your practice,Insight,https://www.invesco.com/us/en/insights/the-living-zoom.html,104
"""New word order"" program overview",Client Service,,Your practice,Insight,https://www.invesco.com/us/en/insights/new-word-order.html,122
"""Tell me more"" program overview",New Business Development,,Your practice,Insight,https://www.invesco.com/us/en/insights/tell-me-more.html,2
“Priceless” program overview,Client Service,,Your practice,Insight,https://www.invesco.com/us/en/insights/priceless.html,79
Critical team meetings,Practice Management,,Your practice,Insight,https://www.invesco.com/us/en/insights/critical-team-meetings.html,2
Best performing fixed income 2021,Fixed Income,,Macroeconomics & outlook,Insight,https://www.invesco.com/us/en/insights/best-performing-fixed-income-2021.html,2
Access innovators with Invesco Nasdaq Next Gen 100 ETF,ETF,,,Insight,https://www.invesco.com/us/en/insights/access-innovators-with-invesco-nasdaq-next-gen-100-etf.html,27
Global fixed income strategy March Report 2021,Fixed Income,,,Insight,https://www.invesco.com/us/en/insights/global-fixed-income-strategy-march-report-20210.html,72
Q1 2021 multi-sector asset allocation outlook ,Fixed Income;Multi sector,,,Insight,https://www.invesco.com/us/en/insights/fixed-income-multi-sector-asset-allocation-outlook-q1-20211.html,89
"2021 Mid-Year Investment Outlook: Pandemic continues to fade, and re-opening continues",Market outlook,,Macroeconomics & outlook,Insight,https://www.invesco.com/us/en/insights/2021-mid-year-investment-outlook.html,2
2021 Mid-Year Investment Outlook: Tactical asset allocation,Investment Outlook;Asset allocation,,,Insight,https://www.invesco.com/us/en/insights/2021-mid-year-investment-outlook-tactical-asset-allocation.html,102
MANTRA forces create investment themes,Equities,,,Insight,https://www.invesco.com/us/en/insights/mantra-forces-create-investment-themes.html,2
Dislocations create significant opportunity in private credit ,Private credit;Defined benefit;Alternatives,,,Insight,https://www.invesco.com/us/en/insights/dislocations-create-significant-opportunity-in-private-credit.html,2
Markets watch closely as variants reshape COVID landscape,Markets and Economy,,,Insight,https://www.invesco.com/us/en/insights/markets-watch-closely-variants-reshape-covid-landscape.html,11
“StorySelling” program overview,New Business Development,,Your practice,Insight,https://www.invesco.com/us/en/insights/storyselling.html,2
Why I’m not concerned about the ‘growth or value’ debate,Investment;Equities;International and global equities,,,Insight,https://www.invesco.com/us/en/insights/style-versus-substance-growth-value-debate.html,2
Shifting DC Times: Defined contribution plan analytics,Plan design;Defined contribution,Shifting DC Times,,Insight,https://www.invesco.com/us/en/insights/shifting-dc-times-seeing-beyond-forest-with-defined-contribution-plan-analytics.html,3
The pressure is growing for the US economy,Markets and Economy,Rapid Response,Coronavirus,Insight,https://www.invesco.com/us/en/insights/pressure-is-growing-for-us-economy.html,105
Shifting DC Times: The power to retire,Plan Sponsor Exchange,Shifting DC Times,,Insight,https://www.invesco.com/us/en/insights/shifting-dc-times-power-to-retire.html,2
Why Senior Loans: Four reasons why investors should consider taking advantage of this unique asset class,Bank Loan;Institutional,,,Insight,https://www.invesco.com/us/en/insights/why-senior-loans.html,31
The case for Latin American equities,Equities,,,Insight,https://www.invesco.com/us/en/insights/case-for-latin-american-equities.html,45
The big job: Stopping the spread while jumpstarting the economy,Legislative and regulatory,ETF Accelerator,Macroeconomics & outlook,Insight,https://www.invesco.com/us/en/insights/big-job-stopping-spread-while-jumpstarting-economy.html,2
The economic re-opening drives inflationary pressures,Markets and Economy,,,Insight,https://www.invesco.com/us/en/insights/economic-re-opening-drives-inflationary-pressures-while-covid-19-weighs-on-markets.html,117
Don’t fear the drawdown: Why the economic cycle is doing fine,Markets and Economy,,,Insight,https://www.invesco.com/us/en/insights/dont-fear-drawdown-why-economic-cycle-doing-fine.html,116
Tactical asset allocation: July 2021,Multi Asset,,,Insight,https://www.invesco.com/us/en/insights/tactical-asset-allocation-july-2021.html,2
Global equities: 3-step process for finding organic growth,Equities;International and global equities,,,Insight,https://www.invesco.com/us/en/insights/global-equities-three-step-process-finding-organic-growth.html,84
The allure of specialty sectors in real estate investing,Real Estate,,,Insight,https://www.invesco.com/us/en/insights/specialty-sectors-in-real-estate.html,65
Now’s the time to prepare for the next market sell-off,Markets and Economy,,,Insight,https://www.invesco.com/us/en/insights/now-time-prepare-next-market-sell-off.html,135
An equal weight approach to diversifying risk,Equities;ETF,ETF Accelerator,Targeting growth;Factor investing,Insight,https://www.invesco.com/us/en/insights/equal-weight-with-rsp-take-concentration-out-of-sp-500-index.html,26
Why we’re optimistic about the future of medical diagnostics,Equities,,,Insight,https://www.invesco.com/us/en/insights/why-we-are-optimistic-about-future-medical-diagnostics.html,119
A closer look at the Chinese tech sell-off,Markets and Economy,,,Insight,https://www.invesco.com/us/en/insights/closer-look-at-chinese-tech-sell-off.html,2
Invesco Global Consulting video library,Invesco Global Consulting,,Your practice,Insight,https://www.invesco.com/us/en/insights/invesco-global-consulting-video-library.html,2
Global fixed income strategy report March 2021,Fixed Income,,,Insight,https://www.invesco.com/us/en/insights/global-fixed-income-strategy-march-report-2021.html,2
Global fixed income strategy: February 2021,Fixed Income,,,Insight,https://www.invesco.com/us/en/insights/global-liquidity-article-page-february-ifi-2021.html,2
Global fixed income strategy report May 2021,Fixed Income,,,Insight,https://www.invesco.com/us/en/insights/global-fixed-income-strategy-report-may-2021.html,2
Global fixed income strategy report April 2021,Fixed Income,,,Insight,https://www.invesco.com/us/en/insights/global-fixed-income-strategy-report-april-2021.html,2
Refocusing on Commodities,Alternatives,,,Insight,https://www.invesco.com/us/en/insights/refocusing-on-commodities.html,93
Monitoring regulatory changes in China,Emerging market equity,,,Insight,https://www.invesco.com/us/en/insights/monitoring-regulatory-changes-in-china.html,2
What the Fed's rate hike comments may mean for the recovery,Markets and Economy,,,Insight,https://www.invesco.com/us/en/insights/what-feds-rate-hike-comments-may-mean-for-economic-recovery-and-investors.html,2
Portfolio advisory insights: Q1 2021,Multi Asset,,,Insight,https://www.invesco.com/us/en/insights/portfolio-advisory-insights-q12021.html,2
China regulations: Can investors keep calm and carry on?,Equities;Emerging market equity,,,Insight,https://www.invesco.com/us/en/insights/china-regulations-can-investors-keep-calm-carry-on.html,2
Invesco Managed Accounts Q2 2021 fixed income market update,Fixed Income,,,Insight,https://www.invesco.com/us/en/insights/invesco-managed-accounts-q2-2021-fixed-income-market-update.html,15
Real estate investing by insurers: examining current views on the asset class,Insurance;Alternatives,,,Insight,https://www.invesco.com/us/en/insights/real-estate-investing-by-insurers.html,18
Tactical asset allocation: August 2021,Multi Asset;Asset allocation,,,Insight,https://www.invesco.com/us/en/insights/tactical-asset-allocation-august-2021.html,44
Global fixed income strategy report: June 2021,Fixed Income,,,Insight,https://www.invesco.com/us/en/insights/global-fixed-income-strategy-report-june-2021.html,2
Making private markets work in a barbell strategy,Alternatives;Institutional;Investment solutions,,Macroeconomics & outlook,Insight,https://www.invesco.com/us/en/insights/making-private-markets-work-in-a-barbell-strategy.html,2
It may be time to take another look at energy infrastructure investments,Alternatives,,,Insight,https://www.invesco.com/us/en/insights/it-may-be-time-to-take-another-look-at-energy-infrastructure-investments.html,2
Fed’s foreshadowing may help avoid another ‘taper tantrum’,Markets and Economy,,,Insight,https://www.invesco.com/us/en/insights/fed-foreshadowing-may-help-avoid-another-taper-tantrum.html,2
SteelPath August MLP updates and news,Alternatives,,,Insight,https://www.invesco.com/us/en/insights/august-steelpath-mlp-updates-and-news.html,6
Invesco Managed Accounts July 2021 fixed Income market update,Fixed Income,,,Insight,https://www.invesco.com/us/en/insights/invesco-managed-accounts-july-2021-fixed-income-market-update.html,15
Constructing a CMBS portfolio,Alternatives;Insurance,,,Insight,https://www.invesco.com/us/en/insights/constructing-a-CMBS-portfolio-in-a-post-COVID-19-world.html,2
Can we get through tapering without a tantrum?,Markets and Economy,,,Insight,https://www.invesco.com/us/en/insights/can-we-get-through-tapering-without-tantrum.html,52
Invesco Diversified Dividend Team Update,US equity,,Your portfolio,Insight,https://www.invesco.com/us/en/insights/invesco-diversifed-dividened-team-update.html,2
"The grand reopening continues apace,  what about inflation?",Fixed Income,,,Insight,https://www.invesco.com/us/en/insights/grand-reopening-continues-apace-what-about-inflation.html,62
Midstream infrastructure’s role in the energy transition,Alternatives,,,Insight,https://www.invesco.com/us/en/insights/midstream-infrastructures-role-in-energy-transition.html,128
Invesco Vision portfolio management decision support tool,Asset allocation;Defined benefit;Market and investing dynamics;Alternatives;International and global equities;Equities;Fixed Income;Multi Asset,Solutions,Investment solutions;Innovation,Insight,https://www.invesco.com/us/en/insights/Invesco-vision-portfolio-management-decision-support-tool.html,2
Powell reassures markets that the Fed won’t rush rate hikes,Markets and Economy,,,Insight,https://www.invesco.com/us/en/insights/powell-reassures-markets-that-the-fed-wont-rush-rate-hikes.html,2
Debt ceiling déjà vu,Fixed Income;Money market and liquidity,,,Insight,https://www.invesco.com/us/en/insights/debt-ceiling-deja-vu.html,47
Finding tech investment opportunities in smaller companies,Equities,,,Insight,https://www.invesco.com/us/en/insights/beyond-usual-suspects-finding-global-tech-investment-opportunities-in-smaller-companies.html,14
Finding tech investment opportunities in smaller companies,Equities,,,Insight,https://www.invesco.com/us/en/insights/why-consider-smaller-companies-to-find-global-tech-investment-opportunities.html,14
Is September really a bad month for stocks?,Markets and Economy,,,Insight,https://www.invesco.com/us/en/insights/is-september-really-a-bad-month-stocks.html,75
"As COVID cases rise, will Powell address Fed tapering?",Markets and Economy,,,Insight,https://www.invesco.com/us/en/insights/as-covid-cases-rise-will-powell-address-fed-tapering.html,2
Beyond chemo: Investing in innovative cancer care,Equities;International and global equities,,,Insight,https://www.invesco.com/us/en/insights/beyond-chemo-investing-innovative-cancer-care.html,24
Investing with alternatives,Alternatives,Solutions,Investment solutions;Solutions,Insight,https://www.invesco.com/us/en/insights/investing-with-alternatives.html,90
Three reasons why this isn’t another ‘tech bubble’,Markets and Economy,,Macroeconomics & outlook,Insight,https://www.invesco.com/us/en/insights/three-reasons-why-this-isnt-another-tech-bubble.html,2
Invesco Managed Accounts August 2021 fixed income market update,Fixed Income,,,Insight,https://www.invesco.com/us/en/insights/invesco-managed-accounts-august-2021-fixed-income-market-update.html,46
Markets look for a foothold to climb the ‘wall of worry’,Markets and Economy,,,Insight,https://www.invesco.com/us/en/insights/markets-look-for-foothold-to-climb-wall-of-worry.html,130
Debt ceiling drama: What could it mean for stocks?,Markets and Economy,,,Insight,https://www.invesco.com/us/en/insights/debt-ceiling-drama-what-could-it-mean-for-stocks.html,47
Taking a closer look at the semiconductor supply chain,Equities,,,Insight,https://www.invesco.com/us/en/insights/taking-closer-look-at-semiconductor-supply-chain.html,98
A decade of opportunity with emerging markets,Emerging market equity,,,Insight,https://www.invesco.com/us/en/insights/decade-of-opportunity-with-emerging-markets.html,83
SteelPath September MLP updates and news,Alternatives,,,Insight,https://www.invesco.com/us/en/insights/september-steelpath-mlp-updates-and-news.html,4
Take advantage of the economic reopening,Equities;ETF,ETF Accelerator,Targeting growth;Factor investing,Insight,https://www.invesco.com/us/en/insights/take-advantage-of-the-economic-reopening-old.html,2
Take advantage of the continuing economic recovery,Equities;ETF,ETF Accelerator,Targeting growth;Factor investing,Insight,https://www.invesco.com/us/en/insights/take-advantage-of-the-economic-reopening.html,2
Six tips for trading ETFs in volatile markets ,ETF,,,Insight,https://www.invesco.com/us/en/insights/six-tips-for-trading-etfs-in-volatile-markets.html,2
2021 Invesco Global Factor Investing Study,Factor Investing,,,Insight,https://www.invesco.com/us/en/insights/2021-invesco-global-factor-investing-study0.html,2
What’s next in the evolving Evergrande situation?,Markets and Economy,,,Insight,https://www.invesco.com/us/en/insights/whats-next-in-the-evolving-evergrande-situation.html,2
Clean energy campaign promises: Biden’s early report card,Legislative and regulatory;Plan governance,,,Insight,https://www.invesco.com/us/en/insights/Clean-energy-campaign-promises-biden-early-report-card.html,2
Multilateralism is back. But is it here to stay?,Legislative and regulatory;Plan governance,,,Insight,https://www.invesco.com/us/en/insights/multilateralism-is-back-but-is-it-here-to-stay.html,2
Alaskan deep freeze: Where to next on US-China relations?,Legislative and regulatory;Plan governance,,,Insight,https://www.invesco.com/us/en/insights/alaskan-deep-freeze-where-to-next-on-us-china-relations.html,2
"After an awful month for stocks, what’s in store for October?",Markets and Economy,,,Insight,https://www.invesco.com/us/en/insights/after-awful-month-stocks-what-in-store-october.html,120
Emergency savings accounts address financial insecurity,Plan design,,,Insight,https://www.invesco.com/us/en/insights/shifting-dc-times/address-financial-insecurity-safeguard-retirement-with-emergency-savings-accounts.html,3
Why consider an emerging market equities strategy?,Investment menu design,,,Insight,https://www.invesco.com/us/en/insights/shifting-dc-times/underweighted-overseas-three-reasons-to-consider-emerging-market-equities-strategy.html,129
Get ready — DOL cybersecurity audits have started,Plan governance,,,Insight,https://www.invesco.com/us/en/insights/shifting-dc-times/get-ready-dol-cybersecurity-audits-have-started.html,82
The age of retirement income,Participant engagement,,,Insight,https://www.invesco.com/us/en/insights/shifting-dc-times/the-age-of-retirement-income.html,3
How Unum enhanced its retirement benefits program,Plan Sponsor Exchange,,,Insight,https://www.invesco.com/us/en/insights/shifting-dc-times/going-distance-how-unum-enhanced-retirement-benefits-program.html,23
Emerging markets insights and perspectives,Emerging market equity,,,Insight,https://www.invesco.com/us/en/insights/emerging-markets-insights.html,17
How much will supply chain issues weigh on earnings season?,Markets and Economy,,,Insight,https://www.invesco.com/us/en/insights/how-much-will-supply-chain-issues-weigh-earnings-season.html,138
The top five questions clients are asking us now,Fixed Income,,,Insight,https://www.invesco.com/us/en/insights/top-five-questions-clients-asking-now.html,33
Invesco Managed Accounts Q3 2021 fixed income market update,Fixed Income,,,Insight,https://www.invesco.com/us/en/insights/invesco-managed-accounts-q3-2021-fixed-income-market-update1.html,80
2021 Invesco Global Factor Investing Study,Factor Investing,,Factor investing,Insight,https://www.invesco.com/us/en/insights/2021-invesco-global-factor-investing-study.html,2
The infrastructure debate: Spending is easy until the check comes,Legislative and regulatory;Plan governance,,,Insight,https://www.invesco.com/us/en/insights/infrastructure-debate-spending-easy-until-check-comes.html,132
Understanding inflation expectations and why they matter,Markets and Economy,,,Insight,https://www.invesco.com/us/en/insights/understanding-inflation-expectations-why-they-matter.html,2
China: Biden scores an early victory in Europe,Legislative and regulatory;Plan governance,,,Insight,https://www.invesco.com/us/en/insights/china-biden-scores-early-victory-in-europe.html,2
Change is in the air: Energy transition,Legislative and regulatory;Plan governance,,,Insight,https://www.invesco.com/us/en/insights/change-is-in-the-air-energy-transition.html,2
Elections in Iran: Deal or no deal?,Legislative and regulatory;Plan governance,,,Insight,https://www.invesco.com/us/en/insights/elections-iran-deal-or-no-deal.html,68
Earmarks return to Capitol Hill,Legislative and regulatory;Plan governance,,,Insight,https://www.invesco.com/us/en/insights/earmarks-return-capitol-hill.html,2
2021 Invesco Global Factor Investing Study,Factor Investing,,Factor investing,Insight,https://www.invesco.com/us/en/insights/2021-global-factor-investing-study-individual-investor-financial-professional.html,7
Tactical asset allocation: October 2021,Asset allocation,,,Insight,https://www.invesco.com/us/en/insights/tactical-asset-allocation-october-2021.html,9
SteelPath October MLP updates and news,Alternatives,,,Insight,https://www.invesco.com/us/en/insights/october-steelpath-mlp-updates-and-news.html,6
The future of vice: Finding investment opportunities abroad,Equities,,,Insight,https://www.invesco.com/us/en/insights/future-of-vice-finding-investment-opportunities-abroad.html,2
I’m no longer in inflation denial.,Markets and Economy,,,Insight,https://www.invesco.com/us/en/insights/no-longer-in-inflation-denial.html,2
How much pessimism is too much?,Markets and Economy,,,Insight,https://www.invesco.com/us/en/insights/how-much-pessimism-is-too-much.html,2
Access innovators with Invesco Nasdaq Next Gen 100 ETF,ETF,ETF Accelerator,Innovation,Insight,https://www.invesco.com/us/en/insights/accessing-innovative-companies-on-the-rise-with-invesco-nasdaq-next-gen-100-etf.html,27
Help build an innovative core with the Invesco QQQ Innovation Suite,Insights,,,Insight,https://www.invesco.com/us/en/insights/build-an-innovative-core-innovation-suite.html,144
Innovation may drive growth stocks during volatility,Insights,,,Insight,https://www.invesco.com/us/en/insights/innovation-may-drive-growth-stocks-during-volatility.html,76
Fixed income update: Three things to remember for 2022,Markets and Economy,,,Insight,https://www.invesco.com/us/en/insights/fixed-income-update-three-things-remember-2022.html,136
Nine things for investors to watch this week,Markets and Economy,,,Insight,https://www.invesco.com/us/en/insights/nine-things-investors-watch-this-week.html,2
Invesco's commitment to a net-zero world,ESG,,,Insight,https://www.invesco.com/us/en/insights/tackling-climate-change-commitment-net-zero-world.html,69
Net Zero: Tackling climate change ,ESG,,,Insight,https://www.invesco.com/us/en/insights/net-zero-tackling-climate-change.html,149
The case for gold mining equities,Alternatives,,,Insight,https://www.invesco.com/us/en/insights/case-for-gold-mining-equities.html,2
Clean electricity is a vital first step toward net zero,Fixed Income;Insurance,,Macroeconomics & outlook,Insight,https://www.invesco.com/us/en/insights/clean-electricity-is-a-vital-first-step-toward-net-zero.html,2
Tactical asset allocation: November 2021,Asset allocation,,,Insight,https://www.invesco.com/us/en/insights/tactical-asset-allocation-november-2021.html,9
Invesco Managed Accounts October 2021 fixed income market update,Fixed Income,,,Insight,https://www.invesco.com/us/en/insights/invesco-managed-accounts-october-2021-fixed-income-market-update.html,13
10 reasons for investors to give thanks,Markets and Economy,,,Insight,https://www.invesco.com/us/en/insights/10-reasons-investors-give-thanks.html,2
How to avoid the downside of capital gains,ETF,,,Insight,https://www.invesco.com/us/en/insights/how-to-avoid-downside-of-capital-gains.html,2
"Feeling opportunistic, pensions look to emerging markets",Emerging markets;Equities,,,Insight,https://www.invesco.com/us/en/insights/feeling-opportunistic-pensions-look-to-emerging-markets.html,2
Tax loss harvesting could lower your tax bill,ETF,,,Insight,https://www.invesco.com/us/en/insights/tax-loss-harvesting-could-lower-your-tax-bill.html,114
Is your plan ready for required lifetime income illustrations? ,Plan governance,,,Insight,https://www.invesco.com/us/en/insights/Is-your-plan-ready-for-required-lifetime-income-illustrations.html,94
Investors grapple with uncertainty as Omicron rattles markets,Markets and Economy,,,Insight,https://www.invesco.com/us/en/insights/investors-grapple-uncertainty-omicron-rattles-markets.html,11
SteelPath November MLP updates and news,Alternatives,,,Insight,https://www.invesco.com/us/en/insights/november-steelpath-mlp-updates-and-news.html,6
Five thoughts on a faster Fed taper,Markets and Economy,,,Insight,https://www.invesco.com/us/en/insights/five-thoughts-faster-fed-taper.html,2
2022 Investment Outlook: Assessing the path ahead,Markets and Economy,,,Insight,https://www.invesco.com/us/en/insights/2022-investment-outlook-assessing-path-ahead.html,58
Q3 Outlook: Multi-sector positioning for the next phase of recovery,Multi sector;Fixed Income,,,Insight,https://www.invesco.com/us/en/insights/q3-outlook-fixed-income-positioning-for-recovery.html,2
The US faces a pivotal moment for environmental policy,Legislative and regulatory,,,Insight,https://www.invesco.com/us/en/insights/US-faces-pivotal-moment-environmental-policy.html,12
End of the year – crisis or catharsis?,Legislative and regulatory;Markets and Economy,,,Insight,https://www.invesco.com/us/en/insights/end-of-year-crisis-or-catharsis.html,2
Reconciliation: No Sunday drive,Legislative and regulatory;Markets and Economy,,,Insight,https://www.invesco.com/us/en/insights/reconciliation-no-Sunday-drive.html,2
US-China regulatory “warfare”,Legislative and regulatory;Markets and Economy,,,Insight,https://www.invesco.com/us/en/insights/us-china-regulatory-warfare.html,2
COVID polling: The last line of defense for Biden?,Legislative and regulatory;Markets and Economy,,,Insight,https://www.invesco.com/us/en/insights/covid-polling-last-line-of-defense-for-biden.html,2
Invesco Managed Accounts November 2021 fixed income market update,Fixed Income,,,Insight,https://www.invesco.com/us/en/insights/invesco-managed-accounts-november-2021-fixed-income-market-update.html,13
The human body: The next digital frontier,International and global equities;Emerging market equity;Equities,,,Insight,https://www.invesco.com/us/en/insights/human-body-next-digital-frontier.html,2
My deep-rooted history with ESG,International and global equities;Emerging market equity;Equities;ESG,,,Insight,https://www.invesco.com/us/en/insights/my-deep-rooted-history-with-esg.html,2
The investor’s guide to digital assets,ETF;Equities,,,Insight,https://www.invesco.com/us/en/insights/investors-guide-digital-assets.html,38
We don’t anticipate ‘stagflation’ in 2022. Here’s why.,Markets and Economy,,,Insight,https://www.invesco.com/us/en/insights/we-dont-anticipate-stagflation-2022.html,63
Finding investment opportunities in 3D printing innovators,International and global equities;Emerging market equity;Equities,,,Insight,https://www.invesco.com/us/en/insights/finding-investment-opportunities-3d-printing-innovators.html,67
SteelPath December MLP updates and news,Alternatives,,,Insight,https://www.invesco.com/us/en/insights/december-steelpath-mlp-updates-news.html,6
The US debt ceiling,Legislative and regulatory,,,Insight,https://www.invesco.com/us/en/insights/us-debt-ceiling.html,47
Burning down the House: Election trends to watch in 2022,Legislative and regulatory;Markets and Economy,,,Insight,https://www.invesco.com/us/en/insights/election-trends-to-watch-2022.html,2
How Accelerated Gifting Can Help Your 529 Plan,College Savings,,College savings,Insight,https://www.invesco.com/us/en/insights/topic/featured-insights/accelerated-gifting-can-help-your-529-plan.html,29
Three reasons for retirees to stay in an employer plan,Participant engagement,,,Insight,https://www.invesco.com/us/en/insights/defined-contribution/three-reasons-for-retirees-to-stay-employer-plan.html,3
2021 Mid-Year Outlook: What are the implications for asset classes?,Markets and Economy,,,Insight,https://www.invesco.com/us/en/insights/2021-midyear-outlook-what-are-implications-asset-classes.html,2
2021 Mid-Year Outlook: What’s the direction of policy?,Markets and Economy,,,Insight,https://www.invesco.com/us/en/insights/2021-midyear-outlook-what-direction-policy.html,2
2021 Mid-Year Outlook: What’s the direction of the economy?,Markets and Economy,,,Insight,https://www.invesco.com/us/en/insights/2021-mid-year-outlook-what-direction-economy.html,2
2021 Mid-Year Outlook: Where are we in the cycle?,Markets and Economy,,,Insight,https://www.invesco.com/us/en/insights/2021-midyear-outlook-where-are-we-cycle.html,2
The silver lining of inflation and how investors can potentially benefit from it,Markets and Economy,,,Insight,https://www.invesco.com/us/en/insights/silver-lining-inflation-how-investors-can-potentially-benefit.html,2
Three market scares may become less frightening after Halloween,Markets and Economy,,,Insight,https://www.invesco.com/us/en/insights/three-market-scares-may-become-less-frightening-after-halloween.html,2
Today’s ‘risk-on’ environment may be here for the long term,Markets and Economy,,,Insight,https://www.invesco.com/us/en/insights/todays-risk-on-environment-may-be-here-for-the-long-term.html,2
What does the Fed’s move mean for markets?,Markets and Economy,,,Insight,https://www.invesco.com/us/en/insights/what-does-fed-move-mean-markets.html,73
Is the bulk of cyclical outperformance behind us?,Markets and Economy,,,Insight,https://www.invesco.com/us/en/insights/is-bulk-of-cyclical-outperformance-behind-us.html,2
A conversation about the markets and economy,Markets and Economy,,Macroeconomics & outlook,Insight,https://www.invesco.com/us/en/insights/the-two-sided-recovery-a-conversation-about-the-markets-and-economy.html,111
Welcome to year two of the stock market recovery ,Markets and Economy,,,Insight,https://www.invesco.com/us/en/insights/welcome-to-year-two-of-stock-market-recovery.html,139
The future of real estate,Markets and Economy;Alternatives;Real estate,,,Insight,https://www.invesco.com/us/en/insights/future-of-real-estate.html,19
Invesco Managed Accounts December 2021 fixed income market update,Fixed Income,,,Insight,https://www.invesco.com/us/en/insights/invesco-managed-accounts-december-2021-fixed-income-market-update.html,13
US municipal bond quarterly market recap and outlook,Municipals,Municipal Bond Accelerator,,Insight,https://www.invesco.com/us/en/insights/us-muni-bond-quarterly-market-recap-and-outlook.html,40
5 Steps to Retirement Savings,Participant engagement;Defined contribution,,,Insight,https://www.invesco.com/us/en/insights/shifting-dc-times-summer-2020/participant-engagement-5-steps-to-retirement-savings.html,3
Building on real estate,Investment menu design,,,Insight,https://www.invesco.com/us/en/insights/shifting-dc-times-summer-2020/investment-strategy-building-on-real-estate.html,19
The Agility to Adjust,Plan design,,,Insight,https://www.invesco.com/us/en/insights/shifting-dc-times-summer-2020/plan-design-the-agility-to-adjust.html,3
Heightening Fiduciary Protection,Plan governance,,,Insight,https://www.invesco.com/us/en/insights/shifting-dc-times-summer-2020/plan-governance-heightening-fiduciary-protection.html,16
Add to cart,Plan Sponsor Exchange,Shifting DC Times,,Insight,https://www.invesco.com/us/en/insights/shifting-dc-times-add-to-cart.html,2
Reimagining retirement,Plan design,Shifting DC Times,,Insight,https://www.invesco.com/us/en/insights/reimagining-retirement.html,3
DC language study: Demystify the investment menu,Participant research;Participant engagement,DC Language,Research,Insight,https://www.invesco.com/us/en/insights/defined-contribution-2021-language-research-study-demystify-investment-menu-with-right-language.html,56
Getting schooled: Creating an Education Policy Statement,Participant engagement,Shifting DC Times,,Insight,https://www.invesco.com/us/en/insights/shifting-dc-times-getting-schooled-creating-a-formalized-education-policy-statement-for-the-new-retirement-reality.html,3
The real deal: Real assets strategies for DC plans,Investment menu design,Shifting DC Times,,Insight,https://www.invesco.com/us/en/insights/the-real-deal-evaluating-real-assets-strategies-for-dc-plans.html,106
The road to retirement,Plan governance,Shifting DC Times,,Insight,https://www.invesco.com/us/en/insights/shifting-dc-times-the-road-to-retirement.html,3
Innovating the Way Forward,Plan Sponsor Exchange,,,Insight,https://www.invesco.com/us/en/insights/shifting-dc-times-summer-2020/plan-sponsor-exchange-innovating-the-way-forward.html,131
Jumpstart the retirement income conversation now,Participant research;Participant engagement,DC Language,Research,Insight,https://www.invesco.com/us/en/insights/defined-contribution-2021-language-research-study-jumpstart-retirement-income-conversation-now.html,21
Position target date and target risk funds to help participants find the right fit,Participant research;Participant engagement,DC Language,Research,Insight,https://www.invesco.com/us/en/insights/defined-contribution-2021-language-research-study-position-target-date-target-risk-funds.html,56
ReDefined Contribution Plans 2021 DC language study: Executive summary,Participant research;Participant engagement,DC Language,Research,Insight,https://www.invesco.com/us/en/insights/defined-contribution-2021-language-research-study-executive-summary.html,21
Spotlight on a municipal credit,Municipals,Municipal Bond Accelerator,,Insight,https://www.invesco.com/us/en/insights/spotlight-on-a-municipal-credit.html,2
Have Omicron and the Fed changed our 2022 outlook?,Markets and Economy,,,Insight,https://www.invesco.com/us/en/insights/have-omicron-fed-changed-our-2022-outlook.html,2
10 thoughts about a more hawkish Fed,Markets and Economy,,,Insight,https://www.invesco.com/us/en/insights/10-thoughts-more-hawkish-Fed.html,127
Help plan participants globalize their thinking,Investment menu design,,,Insight,https://www.invesco.com/us/en/insights/defined-contribution/help-plan-participants-globalize-their-thinking.html,134
Tactical asset allocation: December 2021,Asset allocation,,,Insight,https://www.invesco.com/us/en/insights/tactical-asset-allocation-december-2021.html,2
The monster under the bed,Markets and Economy,,,Insight,https://www.invesco.com/us/en/insights/monster-under-the-bed.html,2
What keeps me up at night?,Markets and Economy,,,Insight,https://www.invesco.com/us/en/insights/what-keeps-me-up-at-night.html,143
Global Liquidity Snapshot Q4 2021,Money market and liquidity,,,Insight,https://www.invesco.com/us/en/insights/global-liquidity-snapshot.html,2
Case study: Bonds that align investments with a mission,Municipals,Municipal Bond Accelerator,Your portfolio,Insight,https://www.invesco.com/us/en/insights/bonds-that-align-investments-with-mission.html,2
Can the Fed reduce its massive balance sheet ‘in the background’?,Markets and Economy,,,Insight,https://www.invesco.com/us/en/insights/can-fed-reduce-massive-balance-sheet-in-the-background.html,0
"After their run-up, do convertibles make sense for 2021?",Fixed Income,,,Insight,https://www.invesco.com/us/en/insights/after-their-2020-run-up-do-convertibles-make-sense-for-2021.html,2
Challenges and opportunities in emerging market stocks,Markets and Economy,,,Insight,https://www.invesco.com/us/en/insights/challenges-opportunities-emerging-market-stocks.html,2
What year is this?,Markets and Economy,,,Insight,https://www.invesco.com/us/en/insights/what-year-is-this.html,2
Is a playable rally developing?,Markets and Economy,,,Insight,https://www.invesco.com/us/en/insights/is-playable-rally-developing.html,2
Invesco ESG ETFs: Investing for a brighter tomorrow,ESG and responsible investing,ETF Accelerator,Investment solutions,Insight,https://www.invesco.com/us/en/insights/investing-for-brighter-tomorrow-with-invesco-esg-etfs.html,142
Europe echoes the Fed’s hawkish tone,Markets and Economy,,,Insight,https://www.invesco.com/us/en/insights/europe-echoes-fed-hawkish-tone.html,55
Invesco Managed Accounts January 2022 fixed income market update,Fixed Income,,,Insight,https://www.invesco.com/us/en/insights/invesco-managed-accounts-january-2022-fixed-income-market-update.html,133
Is there a mid-cap gap in your DC plan?,Investment menu design,,,Insight,https://www.invesco.com/us/en/insights/defined-contribution/is-there-a-mid-cap-gap-in-your-DC-plan.html,2
Inflation and geopolitics increase the pressure on markets,Markets and Economy,,,Insight,https://www.invesco.com/us/en/insights/inflation-geopolitics-increase-pressure-markets.html,54
The case for US real estate debt,Insurance,,,Insight,https://www.invesco.com/us/en/insights/the-case-for-us-real-estate-debt.html,19
The Case for Senior Loans as We Enter 2022,Fixed Income,,,Insight,https://www.invesco.com/us/en/insights/the-case-for-senior-loans-as-we-enter-2022.html,31
A review of midstream equities and interest rates,Alternatives;Master limited partnerships,,,Insight,https://www.invesco.com/us/en/insights/a-review-of-midstream-equities-and-interest-rates.html,141
Tips to successfully select and monitor your managed account provider,Plan governance,,,Insight,https://www.invesco.com/us/en/insights/defined-contribution/tips-to-successfully-select-and-monitor-your-managed-account-provider.html,2
"How to communicate with millennial, Gen X, and baby boomers about retirement plans",Defined contribution,,,Insight,https://www.invesco.com/us/en/insights/how-to-communicate-with-millennial-gen-x-and-baby-boomers-about-retirement-plans.html,109
2022 long-term capital market assumption,Multi Asset;Defined benefit;Alternatives;Equities;Fixed Income,Solutions,Solutions,Insight,https://www.invesco.com/us/en/insights/long-term-capital-market-assumptions-outlook.html,2
What to consider when selecting an ETF,ETF,ETF Accelerator,Innovation,Insight,https://www.invesco.com/us/en/insights/what-to-consider-when-selecting-an-etf.html,2
Continuing education: Investments library,Investing Basics;ETF;Investment Outlook;Markets and Economy,,Your practice,Insight,https://www.invesco.com/us/en/insights/continuing-education-investments-library.html,2
How should investors be positioned in a Fed tightening cycle?,Markets and Economy,,,Insight,https://www.invesco.com/us/en/insights/how-should-investors-be-positioned-fed-tightening-cycle.html,140
What do women investors want from their retirement plans?,Participant research,,,Insight,https://www.invesco.com/us/en/insights/defined-contribution/what-do-women-investors-want-from-retirement-plans.html,42
Five Key Reasons to Consider Invesco Stable Value,Stable Value,,,Insight,https://www.invesco.com/us/en/insights/defined-contribution/five-key-reasons-to-consider-invesco-stable-value.html,125
Global fixed income strategy monthly report,Fixed Income;Market and investing dynamics;Insurance,,,Insight,https://www.invesco.com/us/en/insights/global-fixed-income-strategy-report.html,2
SteelPath February MLP market updates and news,Alternatives,,,Insight,https://www.invesco.com/us/en/insights/february-steelpath-mlp-market-updates-and-news.html,6
Ideas that CLIC: Changing consumption trends support industrial demand,Real Estate;Alternatives,,,Insight,https://www.invesco.com/us/en/insights/real-estate-ideas-that-clic-consume.html,2
Invesco Digital Assets ETFs | Blockchain Technology Exposure,ETF;Equities,,,Insight,https://www.invesco.com/us/en/insights/digital-assets-blockchain-cryptocurrency-etfs.html,38
Assessing the impact of economic sanctions on Russia,Markets and Economy,,,Insight,https://www.invesco.com/us/en/insights/assessing-impact-economic-sanctions-russia.html,10
China: A changing dynamic,Markets and Economy,,,Insight,https://www.invesco.com/us/en/insights/china-a-changing-dynamic.html,2
We anticipate little impact to our portfolio if Russia invades Ukraine,Equities,,Russia Ukraine crisis,Insight,https://www.invesco.com/us/en/insights/we-anticipate-little-impact-our-portfolio-russia-invades-ukraine.html,10
Markets react to Russian military operations against Ukraine,Markets and Economy,,Russia Ukraine crisis,Insight,https://www.invesco.com/us/en/insights/markets-react-russian-military-operations-against-ukraine.html,10
Economic and asset class implications of the Russia-Ukraine crisis,Markets and Economy,,Russia Ukraine crisis,Insight,https://www.invesco.com/us/en/insights/economic-asset-class-implications-russia-ukraine-crisis.html,10
Real estate: Ideas that CLIC,Real Estate;Alternatives,,,Insight,https://www.invesco.com/us/en/insights/real-estate-ideas-that-clic.html,19
